<keymap version="1" name="Emacs copy" parent="Emacs">
  <action id="ActivateTerminalToolWindow">
    <keyboard-shortcut first-keystroke="alt f12" />
    <keyboard-shortcut first-keystroke="meta back_space" />
  </action>
  <action id="CommentByLineComment">
    <keyboard-shortcut first-keystroke="alt semicolon" />
    <keyboard-shortcut first-keystroke="meta slash" />
  </action>
  <action id="GotoFile">
    <keyboard-shortcut first-keystroke="ctrl x" second-keystroke="ctrl f" />
    <keyboard-shortcut first-keystroke="meta p" />
  </action>
  <action id="GotoImplementation">
    <keyboard-shortcut first-keystroke="meta alt b" />
  </action>
  <action id="RecentChangedFiles">
    <keyboard-shortcut first-keystroke="meta e" />
  </action>
  <action id="ShowReformatFileDialog">
    <keyboard-shortcut first-keystroke="shift ctrl alt l" />
    <keyboard-shortcut first-keystroke="meta alt l" />
  </action>
</keymap>