<keymap version="1" name="macOS copy" parent="Mac OS X 10.5+">
  <action id="$Delete">
    <keyboard-shortcut first-keystroke="delete" />
    <keyboard-shortcut first-keystroke="back_space" />
  </action>
  <action id="ActivateTerminalToolWindow">
    <keyboard-shortcut first-keystroke="alt f12" />
    <keyboard-shortcut first-keystroke="meta back_space" />
  </action>
  <action id="Arrangement.Alias.Rule.Remove">
    <keyboard-shortcut first-keystroke="delete" />
    <keyboard-shortcut first-keystroke="back_space" />
  </action>
  <action id="Arrangement.Rule.Remove">
    <keyboard-shortcut first-keystroke="delete" />
    <keyboard-shortcut first-keystroke="back_space" />
  </action>
  <action id="DomElementsTreeView.DeleteElement">
    <keyboard-shortcut first-keystroke="delete" />
    <keyboard-shortcut first-keystroke="back_space" />
  </action>
  <action id="EditorDeleteLine" />
  <action id="FileChooser.TogglePathShowing" />
  <action id="GotoFile">
    <keyboard-shortcut first-keystroke="shift meta o" />
    <keyboard-shortcut first-keystroke="meta p" />
  </action>
  <action id="Graph.Delete">
    <keyboard-shortcut first-keystroke="delete" />
    <keyboard-shortcut first-keystroke="back_space" />
  </action>
  <action id="ParameterInfo" />
  <action id="RunDashboard.UngroupConfigurations">
    <keyboard-shortcut first-keystroke="delete" />
    <keyboard-shortcut first-keystroke="back_space" />
  </action>
  <action id="XDebugger.RemoveWatch">
    <keyboard-shortcut first-keystroke="delete" />
    <keyboard-shortcut first-keystroke="back_space" />
  </action>
</keymap>